{
  "METRICS_EXCHANGE": {
    "pipe_channel_name": "metric",
    "pipe": {
      "CLASS_NAME": "nvflare.fuel.utils.pipe.file_pipe.FilePipe",
      "ARG": {
        "mode": "ACTIVE",
        "root_path": "/home/hk-project-test-p0023500/mp9809/workspace/example_project/prod_11/site-1/startup//../3f9eebc6-967b-4baf-9821-408f584607f2/site-1"
      }
    },
    "HEARTBEAT_TIMEOUT": 60.0
  },
  "site_name": "site-1",
  "job_id": "3f9eebc6-967b-4baf-9821-408f584607f2",
  "TASK_EXCHANGE": {
    "train_with_eval": false,
    "exchange_format": "numpy",
    "transfer_type": "DIFF",
    "train_task_name": "train",
    "eval_task_name": "validate",
    "submit_model_task_name": "submit_model",
    "pipe_channel_name": "task",
    "pipe": {
      "CLASS_NAME": "nvflare.fuel.utils.pipe.file_pipe.FilePipe",
      "ARG": {
        "mode": "ACTIVE",
        "root_path": "/home/hk-project-test-p0023500/mp9809/workspace/example_project/prod_11/site-1/startup//../3f9eebc6-967b-4baf-9821-408f584607f2/site-1"
      }
    },
    "HEARTBEAT_TIMEOUT": 6000000000000000000000
  }
}